BEGIN TRANSACTION;
-- CREATE TABLE IF NOT EXISTS "schema_migrations" ("version" varchar NOT NULL PRIMARY KEY);
-- INSERT INTO schema_migrations VALUES('20230626001314');
-- INSERT INTO schema_migrations VALUES('20230626001659');
-- INSERT INTO schema_migrations VALUES('20230626001738');
-- CREATE TABLE IF NOT EXISTS "ar_internal_metadata" ("key" varchar NOT NULL PRIMARY KEY, "value" varchar, "created_at" datetime(6) NOT NULL, "updated_at" datetime(6) NOT NULL);
-- INSERT INTO ar_internal_metadata VALUES('environment','development','2023-06-26 00:39:47.224968','2023-06-26 00:39:47.224968');
CREATE TABLE IF NOT EXISTS "players" ("id" SERIAL PRIMARY KEY NOT NULL, "name" varchar NOT NULL, "created_at" datetime(6) NOT NULL, "updated_at" datetime(6) NOT NULL);
INSERT INTO players VALUES(1,'chupi','2023-06-26 00:40:09.965271','2023-06-26 00:40:09.965271');
INSERT INTO players VALUES(2,'santi','2023-06-26 00:40:14.079682','2023-06-26 00:40:14.079682');
INSERT INTO players VALUES(3,'nasu','2023-06-26 00:40:16.051765','2023-06-26 00:40:16.051765');
INSERT INTO players VALUES(4,'toalla','2023-06-26 00:40:18.312408','2023-06-26 00:40:18.312408');
INSERT INTO players VALUES(5,'torre','2023-06-26 00:40:22.824860','2023-06-26 00:40:22.824860');
INSERT INTO players VALUES(6,'enguel','2023-06-26 00:40:25.721085','2023-06-26 00:40:25.721085');
INSERT INTO players VALUES(7,'nutria','2023-06-26 00:40:28.519981','2023-06-26 00:40:28.519981');
CREATE TABLE IF NOT EXISTS "matches" ("id" SERIAL PRIMARY KEY NOT NULL, "order" integer, "winner_id" integer NOT NULL, "created_at" datetime(6) NOT NULL, "updated_at" datetime(6) NOT NULL, CONSTRAINT "fk_rails_9d0deeb219"
FOREIGN KEY ("winner_id")
  REFERENCES "players" ("id")
 ON DELETE SET NULL);
INSERT INTO matches VALUES(2,NULL,2,'2023-06-26 00:51:05.289721','2023-06-26 00:51:05.289721');
INSERT INTO matches VALUES(3,NULL,6,'2023-06-26 00:59:43.211251','2023-06-26 00:59:43.211251');
INSERT INTO matches VALUES(4,NULL,3,'2023-06-26 01:01:13.095890','2023-06-26 01:01:13.095890');
INSERT INTO matches VALUES(5,NULL,2,'2023-06-26 01:02:37.846021','2023-06-26 01:02:37.846021');
INSERT INTO matches VALUES(6,NULL,1,'2023-06-26 01:04:30.261220','2023-06-26 01:04:30.261220');
INSERT INTO matches VALUES(7,NULL,5,'2023-06-26 01:05:09.244932','2023-06-26 01:05:09.244932');
INSERT INTO matches VALUES(8,NULL,3,'2023-06-26 01:05:45.319975','2023-06-26 01:05:45.319975');
INSERT INTO matches VALUES(9,NULL,5,'2023-06-26 01:06:14.224292','2023-06-26 01:06:14.224292');
INSERT INTO matches VALUES(10,NULL,5,'2023-06-26 01:06:54.077023','2023-06-26 01:06:54.077023');
INSERT INTO matches VALUES(11,NULL,6,'2023-06-26 03:05:09.207520','2023-06-26 03:05:09.207520');
INSERT INTO matches VALUES(12,NULL,2,'2023-07-03 00:08:16.029102','2023-07-03 00:08:16.029102');
INSERT INTO matches VALUES(13,NULL,5,'2023-07-06 00:57:09.197496','2023-07-06 00:57:09.197496');
INSERT INTO matches VALUES(14,NULL,6,'2023-07-06 02:27:41.037123','2023-07-06 02:27:41.037123');
INSERT INTO matches VALUES(15,NULL,5,'2023-07-15 01:27:54.856417','2023-07-15 01:27:54.856417');
INSERT INTO matches VALUES(16,NULL,3,'2023-07-15 01:29:22.485641','2023-07-15 01:29:22.485641');
INSERT INTO matches VALUES(17,NULL,4,'2023-07-15 01:29:31.670825','2023-07-15 01:29:31.670825');
INSERT INTO matches VALUES(18,NULL,6,'2023-07-16 00:03:14.803822','2023-07-16 00:03:14.803822');
INSERT INTO matches VALUES(19,NULL,5,'2023-07-23 23:14:43.145420','2023-07-23 23:14:43.145420');
INSERT INTO matches VALUES(20,NULL,2,'2023-07-23 23:15:14.486674','2023-07-23 23:15:14.486674');
INSERT INTO matches VALUES(21,NULL,7,'2023-07-23 23:15:32.809976','2023-07-23 23:15:32.809976');
INSERT INTO matches VALUES(22,NULL,7,'2023-07-23 23:35:41.450178','2023-07-23 23:35:41.450178');
INSERT INTO matches VALUES(23,NULL,2,'2023-07-26 02:00:02.349644','2023-07-26 02:00:02.349644');
INSERT INTO matches VALUES(24,NULL,6,'2023-07-26 02:51:58.357713','2023-07-26 02:51:58.357713');
INSERT INTO matches VALUES(25,NULL,7,'2023-07-31 00:59:17.699349','2023-07-31 00:59:17.699349');
INSERT INTO matches VALUES(26,NULL,2,'2023-07-31 02:33:23.150981','2023-07-31 02:33:23.150981');
INSERT INTO matches VALUES(27,NULL,3,'2023-08-10 03:50:07.846649','2023-08-10 03:50:07.846649');
CREATE TABLE IF NOT EXISTS "match_players" ("id" SERIAL PRIMARY KEY NOT NULL, "player_id" integer NOT NULL, "match_id" integer NOT NULL, "created_at" datetime(6) NOT NULL, "updated_at" datetime(6) NOT NULL, CONSTRAINT "fk_rails_73ac9e5dc0"
FOREIGN KEY ("player_id")
  REFERENCES "players" ("id")
, CONSTRAINT "fk_rails_3d99f6603e"
FOREIGN KEY ("match_id")
  REFERENCES "matches" ("id")
);
INSERT INTO match_players VALUES(5,2,2,'2023-06-26 00:51:05.313836','2023-06-26 00:51:05.313836');
INSERT INTO match_players VALUES(6,3,2,'2023-06-26 00:51:05.337813','2023-06-26 00:51:05.337813');
INSERT INTO match_players VALUES(7,5,2,'2023-06-26 00:51:05.343379','2023-06-26 00:51:05.343379');
INSERT INTO match_players VALUES(8,7,2,'2023-06-26 00:51:05.368194','2023-06-26 00:51:05.368194');
INSERT INTO match_players VALUES(9,1,3,'2023-06-26 00:59:43.238512','2023-06-26 00:59:43.238512');
INSERT INTO match_players VALUES(10,2,3,'2023-06-26 00:59:43.242593','2023-06-26 00:59:43.242593');
INSERT INTO match_players VALUES(11,3,3,'2023-06-26 00:59:43.246751','2023-06-26 00:59:43.246751');
INSERT INTO match_players VALUES(12,6,3,'2023-06-26 00:59:43.250174','2023-06-26 00:59:43.250174');
INSERT INTO match_players VALUES(13,7,3,'2023-06-26 00:59:43.253712','2023-06-26 00:59:43.253712');
INSERT INTO match_players VALUES(14,1,4,'2023-06-26 01:01:13.115362','2023-06-26 01:01:13.115362');
INSERT INTO match_players VALUES(15,2,4,'2023-06-26 01:01:13.119047','2023-06-26 01:01:13.119047');
INSERT INTO match_players VALUES(16,3,4,'2023-06-26 01:01:13.122535','2023-06-26 01:01:13.122535');
INSERT INTO match_players VALUES(17,6,4,'2023-06-26 01:01:13.125972','2023-06-26 01:01:13.125972');
INSERT INTO match_players VALUES(18,7,4,'2023-06-26 01:01:13.129408','2023-06-26 01:01:13.129408');
INSERT INTO match_players VALUES(20,2,5,'2023-06-26 01:02:37.856617','2023-06-26 01:02:37.856617');
INSERT INTO match_players VALUES(21,3,5,'2023-06-26 01:02:37.860770','2023-06-26 01:02:37.860770');
INSERT INTO match_players VALUES(22,4,5,'2023-06-26 01:02:37.864342','2023-06-26 01:02:37.864342');
INSERT INTO match_players VALUES(23,5,5,'2023-06-26 01:02:37.867558','2023-06-26 01:02:37.867558');
INSERT INTO match_players VALUES(24,6,5,'2023-06-26 01:02:37.871184','2023-06-26 01:02:37.871184');
INSERT INTO match_players VALUES(25,1,6,'2023-06-26 01:04:30.268088','2023-06-26 01:04:30.268088');
INSERT INTO match_players VALUES(26,2,6,'2023-06-26 01:04:30.274269','2023-06-26 01:04:30.274269');
INSERT INTO match_players VALUES(27,3,6,'2023-06-26 01:04:30.280060','2023-06-26 01:04:30.280060');
INSERT INTO match_players VALUES(28,6,6,'2023-06-26 01:04:30.285504','2023-06-26 01:04:30.285504');
INSERT INTO match_players VALUES(29,1,7,'2023-06-26 01:05:09.248861','2023-06-26 01:05:09.248861');
INSERT INTO match_players VALUES(30,2,7,'2023-06-26 01:05:09.252049','2023-06-26 01:05:09.252049');
INSERT INTO match_players VALUES(31,3,7,'2023-06-26 01:05:09.255646','2023-06-26 01:05:09.255646');
INSERT INTO match_players VALUES(32,5,7,'2023-06-26 01:05:09.260178','2023-06-26 01:05:09.260178');
INSERT INTO match_players VALUES(33,6,7,'2023-06-26 01:05:09.263705','2023-06-26 01:05:09.263705');
INSERT INTO match_players VALUES(34,2,8,'2023-06-26 01:05:45.324195','2023-06-26 01:05:45.324195');
INSERT INTO match_players VALUES(35,3,8,'2023-06-26 01:05:45.327552','2023-06-26 01:05:45.327552');
INSERT INTO match_players VALUES(36,5,8,'2023-06-26 01:05:45.331218','2023-06-26 01:05:45.331218');
INSERT INTO match_players VALUES(37,6,8,'2023-06-26 01:05:45.335356','2023-06-26 01:05:45.335356');
INSERT INTO match_players VALUES(38,2,9,'2023-06-26 01:06:14.228830','2023-06-26 01:06:14.228830');
INSERT INTO match_players VALUES(39,3,9,'2023-06-26 01:06:14.232636','2023-06-26 01:06:14.232636');
INSERT INTO match_players VALUES(40,5,9,'2023-06-26 01:06:14.236836','2023-06-26 01:06:14.236836');
INSERT INTO match_players VALUES(41,6,9,'2023-06-26 01:06:14.242292','2023-06-26 01:06:14.242292');
INSERT INTO match_players VALUES(42,7,9,'2023-06-26 01:06:14.245592','2023-06-26 01:06:14.245592');
INSERT INTO match_players VALUES(43,3,10,'2023-06-26 01:06:54.082366','2023-06-26 01:06:54.082366');
INSERT INTO match_players VALUES(44,5,10,'2023-06-26 01:06:54.087011','2023-06-26 01:06:54.087011');
INSERT INTO match_players VALUES(45,6,10,'2023-06-26 01:06:54.091484','2023-06-26 01:06:54.091484');
INSERT INTO match_players VALUES(46,7,10,'2023-06-26 01:06:54.095583','2023-06-26 01:06:54.095583');
INSERT INTO match_players VALUES(47,3,11,'2023-06-26 03:05:09.222197','2023-06-26 03:05:09.222197');
INSERT INTO match_players VALUES(48,5,11,'2023-06-26 03:05:09.226713','2023-06-26 03:05:09.226713');
INSERT INTO match_players VALUES(49,6,11,'2023-06-26 03:05:09.230324','2023-06-26 03:05:09.230324');
INSERT INTO match_players VALUES(50,7,11,'2023-06-26 03:05:09.233872','2023-06-26 03:05:09.233872');
INSERT INTO match_players VALUES(51,2,12,'2023-07-03 00:08:16.053824','2023-07-03 00:08:16.053824');
INSERT INTO match_players VALUES(52,3,12,'2023-07-03 00:08:16.056996','2023-07-03 00:08:16.056996');
INSERT INTO match_players VALUES(53,5,12,'2023-07-03 00:08:16.059809','2023-07-03 00:08:16.059809');
INSERT INTO match_players VALUES(54,6,12,'2023-07-03 00:08:16.062553','2023-07-03 00:08:16.062553');
INSERT INTO match_players VALUES(55,2,13,'2023-07-06 00:57:09.224453','2023-07-06 00:57:09.224453');
INSERT INTO match_players VALUES(56,3,13,'2023-07-06 00:57:09.228135','2023-07-06 00:57:09.228135');
INSERT INTO match_players VALUES(57,5,13,'2023-07-06 00:57:09.231552','2023-07-06 00:57:09.231552');
INSERT INTO match_players VALUES(58,6,13,'2023-07-06 00:57:09.235559','2023-07-06 00:57:09.235559');
INSERT INTO match_players VALUES(59,7,13,'2023-07-06 00:57:09.239171','2023-07-06 00:57:09.239171');
INSERT INTO match_players VALUES(60,2,14,'2023-07-06 02:27:41.055957','2023-07-06 02:27:41.055957');
INSERT INTO match_players VALUES(61,3,14,'2023-07-06 02:27:41.059054','2023-07-06 02:27:41.059054');
INSERT INTO match_players VALUES(62,5,14,'2023-07-06 02:27:41.062045','2023-07-06 02:27:41.062045');
INSERT INTO match_players VALUES(63,6,14,'2023-07-06 02:27:41.064939','2023-07-06 02:27:41.064939');
INSERT INTO match_players VALUES(64,7,14,'2023-07-06 02:27:41.067734','2023-07-06 02:27:41.067734');
INSERT INTO match_players VALUES(65,1,15,'2023-07-15 01:27:54.882366','2023-07-15 01:27:54.882366');
INSERT INTO match_players VALUES(66,3,15,'2023-07-15 01:27:54.886608','2023-07-15 01:27:54.886608');
INSERT INTO match_players VALUES(67,4,15,'2023-07-15 01:27:54.889474','2023-07-15 01:27:54.889474');
INSERT INTO match_players VALUES(68,5,15,'2023-07-15 01:27:54.892202','2023-07-15 01:27:54.892202');
INSERT INTO match_players VALUES(69,6,15,'2023-07-15 01:27:54.895319','2023-07-15 01:27:54.895319');
INSERT INTO match_players VALUES(70,7,15,'2023-07-15 01:27:54.899048','2023-07-15 01:27:54.899048');
INSERT INTO match_players VALUES(71,2,16,'2023-07-15 01:29:22.489816','2023-07-15 01:29:22.489816');
INSERT INTO match_players VALUES(72,3,16,'2023-07-15 01:29:22.492940','2023-07-15 01:29:22.492940');
INSERT INTO match_players VALUES(73,4,16,'2023-07-15 01:29:22.495982','2023-07-15 01:29:22.495982');
INSERT INTO match_players VALUES(74,5,16,'2023-07-15 01:29:22.498750','2023-07-15 01:29:22.498750');
INSERT INTO match_players VALUES(75,6,16,'2023-07-15 01:29:22.501495','2023-07-15 01:29:22.501495');
INSERT INTO match_players VALUES(76,2,17,'2023-07-15 01:29:31.677035','2023-07-15 01:29:31.677035');
INSERT INTO match_players VALUES(77,3,17,'2023-07-15 01:29:31.681118','2023-07-15 01:29:31.681118');
INSERT INTO match_players VALUES(78,4,17,'2023-07-15 01:29:31.685207','2023-07-15 01:29:31.685207');
INSERT INTO match_players VALUES(79,5,17,'2023-07-15 01:29:31.689383','2023-07-15 01:29:31.689383');
INSERT INTO match_players VALUES(80,6,17,'2023-07-15 01:29:31.693350','2023-07-15 01:29:31.693350');
INSERT INTO match_players VALUES(81,1,18,'2023-07-16 00:03:14.842656','2023-07-16 00:03:14.842656');
INSERT INTO match_players VALUES(82,2,18,'2023-07-16 00:03:14.846159','2023-07-16 00:03:14.846159');
INSERT INTO match_players VALUES(83,3,18,'2023-07-16 00:03:14.868723','2023-07-16 00:03:14.868723');
INSERT INTO match_players VALUES(84,6,18,'2023-07-16 00:03:14.871869','2023-07-16 00:03:14.871869');
INSERT INTO match_players VALUES(85,1,19,'2023-07-23 23:14:43.160278','2023-07-23 23:14:43.160278');
INSERT INTO match_players VALUES(86,2,19,'2023-07-23 23:14:43.163731','2023-07-23 23:14:43.163731');
INSERT INTO match_players VALUES(87,3,19,'2023-07-23 23:14:43.166770','2023-07-23 23:14:43.166770');
INSERT INTO match_players VALUES(88,5,19,'2023-07-23 23:14:43.169920','2023-07-23 23:14:43.169920');
INSERT INTO match_players VALUES(89,6,19,'2023-07-23 23:14:43.172823','2023-07-23 23:14:43.172823');
INSERT INTO match_players VALUES(90,7,19,'2023-07-23 23:14:43.175739','2023-07-23 23:14:43.175739');
INSERT INTO match_players VALUES(91,1,20,'2023-07-23 23:15:14.491895','2023-07-23 23:15:14.491895');
INSERT INTO match_players VALUES(92,2,20,'2023-07-23 23:15:14.495876','2023-07-23 23:15:14.495876');
INSERT INTO match_players VALUES(93,3,20,'2023-07-23 23:15:14.498936','2023-07-23 23:15:14.498936');
INSERT INTO match_players VALUES(94,5,20,'2023-07-23 23:15:14.501906','2023-07-23 23:15:14.501906');
INSERT INTO match_players VALUES(95,6,20,'2023-07-23 23:15:14.504644','2023-07-23 23:15:14.504644');
INSERT INTO match_players VALUES(96,7,20,'2023-07-23 23:15:14.507492','2023-07-23 23:15:14.507492');
INSERT INTO match_players VALUES(97,3,21,'2023-07-23 23:15:32.816625','2023-07-23 23:15:32.816625');
INSERT INTO match_players VALUES(98,5,21,'2023-07-23 23:15:32.820776','2023-07-23 23:15:32.820776');
INSERT INTO match_players VALUES(99,6,21,'2023-07-23 23:15:32.824675','2023-07-23 23:15:32.824675');
INSERT INTO match_players VALUES(100,7,21,'2023-07-23 23:15:32.827861','2023-07-23 23:15:32.827861');
INSERT INTO match_players VALUES(101,3,22,'2023-07-23 23:35:41.473586','2023-07-23 23:35:41.473586');
INSERT INTO match_players VALUES(102,5,22,'2023-07-23 23:35:41.478244','2023-07-23 23:35:41.478244');
INSERT INTO match_players VALUES(103,6,22,'2023-07-23 23:35:41.482724','2023-07-23 23:35:41.482724');
INSERT INTO match_players VALUES(104,7,22,'2023-07-23 23:35:41.486961','2023-07-23 23:35:41.486961');
INSERT INTO match_players VALUES(105,2,23,'2023-07-26 02:00:02.485559','2023-07-26 02:00:02.485559');
INSERT INTO match_players VALUES(106,3,23,'2023-07-26 02:00:02.490241','2023-07-26 02:00:02.490241');
INSERT INTO match_players VALUES(107,5,23,'2023-07-26 02:00:02.515651','2023-07-26 02:00:02.515651');
INSERT INTO match_players VALUES(108,6,23,'2023-07-26 02:00:02.519366','2023-07-26 02:00:02.519366');
INSERT INTO match_players VALUES(109,7,23,'2023-07-26 02:00:02.545193','2023-07-26 02:00:02.545193');
INSERT INTO match_players VALUES(110,2,24,'2023-07-26 02:51:58.426253','2023-07-26 02:51:58.426253');
INSERT INTO match_players VALUES(111,3,24,'2023-07-26 02:51:58.435716','2023-07-26 02:51:58.435716');
INSERT INTO match_players VALUES(112,5,24,'2023-07-26 02:51:58.440404','2023-07-26 02:51:58.440404');
INSERT INTO match_players VALUES(113,6,24,'2023-07-26 02:51:58.449182','2023-07-26 02:51:58.449182');
INSERT INTO match_players VALUES(114,7,24,'2023-07-26 02:51:58.454390','2023-07-26 02:51:58.454390');
INSERT INTO match_players VALUES(115,3,25,'2023-07-31 00:59:17.731329','2023-07-31 00:59:17.731329');
INSERT INTO match_players VALUES(116,4,25,'2023-07-31 00:59:17.734888','2023-07-31 00:59:17.734888');
INSERT INTO match_players VALUES(117,5,25,'2023-07-31 00:59:17.738451','2023-07-31 00:59:17.738451');
INSERT INTO match_players VALUES(118,6,25,'2023-07-31 00:59:17.741741','2023-07-31 00:59:17.741741');
INSERT INTO match_players VALUES(119,7,25,'2023-07-31 00:59:17.744923','2023-07-31 00:59:17.744923');
INSERT INTO match_players VALUES(120,2,25,'2023-07-31 02:23:08.982114','2023-07-31 02:23:08.982114');
INSERT INTO match_players VALUES(121,2,26,'2023-07-31 02:33:23.155185','2023-07-31 02:33:23.155185');
INSERT INTO match_players VALUES(122,3,26,'2023-07-31 02:33:23.158526','2023-07-31 02:33:23.158526');
INSERT INTO match_players VALUES(123,4,26,'2023-07-31 02:33:23.161654','2023-07-31 02:33:23.161654');
INSERT INTO match_players VALUES(124,5,26,'2023-07-31 02:33:23.165070','2023-07-31 02:33:23.165070');
INSERT INTO match_players VALUES(125,6,26,'2023-07-31 02:33:23.168522','2023-07-31 02:33:23.168522');
INSERT INTO match_players VALUES(126,7,26,'2023-07-31 02:33:23.171753','2023-07-31 02:33:23.171753');
INSERT INTO match_players VALUES(127,3,27,'2023-08-10 03:50:07.881423','2023-08-10 03:50:07.881423');
INSERT INTO match_players VALUES(128,5,27,'2023-08-10 03:50:07.884564','2023-08-10 03:50:07.884564');
INSERT INTO match_players VALUES(129,6,27,'2023-08-10 03:50:07.908357','2023-08-10 03:50:07.908357');
INSERT INTO match_players VALUES(130,7,27,'2023-08-10 03:50:07.911332','2023-08-10 03:50:07.911332');
-- CREATE INDEX "index_matches_on_winner_id" ON "matches" ("winner_id");
-- CREATE INDEX "index_match_players_on_player_id" ON "match_players" ("player_id");
-- CREATE INDEX "index_match_players_on_match_id" ON "match_players" ("match_id");
COMMIT;
